{
  "swagger": "2.0",
  "info": {
    "title": "User Registration API",
    "version": "1.0.0",
    "description": "API of User Sign up"  },

  "host": "technical.io",
  "schemes": [
    "http",
    "https"
  ],
  "basePath": "/api/v1/signup",
  "tags": [
    {
      "name": "API#002 Signup",
      "description": "All operations marked with 'API#002 Signup' are relevant to user signup use case"
    }
  ],
  "paths": {
    "/signup": {
      "x-swagger-router-controller": "api",
      "post": {
        "tags": [
          "API#002 Signup"
        ],
        "operationId": "signupUser",
        "summary": "Signup User",
        "description": "Each user who needs access to Image Hoster application should signup using their valid email address and set a password for an authorized access.\n",
        "consumes": [
          "application/json"
        ],
        "produces": [
          "application/json"
        ],
        "parameters": [
          {
            "$ref": "#/parameters/ClientId"
          },
          {
            "in": "body",
            "name": "SignupUserRequest",
            "description": "Request containing user signup information",
            "required": true,
            "schema": {
              "$ref": "#/definitions/SignupUserRequest"
            }
          }
        ],
        "responses": {
          "201": {
            "description": "CREATED - User has been signuped successfully",
            "headers": {
              "request-id": {
                "type": "string",
                "description": "Used as correlation id while tracing for the request in the backend"
              },
              "location": {
                "type": "string",
                "description": "Location of the new resource which was created by this request"
              }
            },
            "schema": {
              "$ref": "#/definitions/SignupUserResponse"
            }
          },
          "400": {
            "description": "BAD REQUEST - server cannot or will not process the request due to something that is perceived to be a client error (e.g., malformed request syntax, mandatory elements are missing)",
            "headers": {
              "request-id": {
                "type": "string",
                "description": "Used as correlation id while tracing for the request in the backend"
              }
            }
          },
          "401": {
            "description": "UNAUTHORIZED - user has provided wrong credentials",
            "headers": {
              "request-id": {
                "type": "string",
                "description": "Used as correlation id while tracing for the request in the backend"
              }
            }
          },
          "403": {
            "description": "FORBIDDEN - request has not been applied because client application has no permission to perform action",
            "headers": {
              "request-id": {
                "type": "string",
                "description": "Used as correlation id while tracing for the request in the backend"
              }
            }
          },
          "422": {
            "description": "UNPROCESSABLE ENTITY - request was well-formed but server unable to process due to semantic errors",
            "headers": {
              "request-id": {
                "type": "string",
                "description": "Used as correlation id while tracing for the request flow to the backend"
              }
            }
          },
          "500": {
            "description": "INTERNAL SERVER ERROR - server encountered an unexpected condition that prevented it from fulfilling the request.",
            "headers": {
              "request-id": {
                "type": "string",
                "description": "Used as correlation id while tracing for the request in the backend"
              }
            }
          }
        }
      }
    }
  },
  "parameters": {
    "ClientId": {
      "name": "client-id",
      "type": "string",
      "in": "header",
      "required": true,
      "description": "Mandatory request header about the caller of this API. Only an authorized clients are allowed to this API."
    }
  },
  "definitions": {
    "SignupUserRequest": {
      "type": "object",
      "properties": {
        "first_name": {
          "type": "string",
          "description": "First name of the new user"
        },
        "last_name": {
          "type": "string",
          "description": "Last name of the new user"
        },
        "email_address": {
          "type": "string",
          "description": "Email address of the new user"
        },
        "password": {
          "type": "string",
          "description": "Password of the new user",
          "format": "password",
          "x-obfuscated": true
        },
        "mobile_number": {
          "type": "string",
          "description": "Mobile number of the new user"
        }
      },
      "required": [
        "first_name",
        "last_name",
        "email_address",
        "password",
        "mobile_number"
      ],
      "example": {
        "first_name": "Abhi",
        "last_name": "Mahajan",
        "email_address": "abhimahajan259@gmail.com",
        "password": "password",
        "mobile_number": "7508740564"
      }
    },
    "SignupUserResponse": {
      "type": "object",
      "properties": {
        "id": {
          "type": "string",
          "description": "User identifier in a standard UUID format generated by API backend"
        },
        "status": {
          "type": "string"
        }
      },
      "required": [
        "id",
        "status"
      ],
      "example": {
        "id": "7d174a25-ba31-45a8-85b4-b06ffc9d5f8f",
        "status": "Successfully REGISTERED"
      }
    }
  }
}